DecoWallBasePillar	22612546
DecoWallWaterBase	10983667
Stadium\\GrassRemover.Block.Gbx_CustomBlock	7643815
DecoPlatformBase	1414231
PlatformBase	1081536
StructurePillar	1055676
GrassRemover.Block.Gbx_CustomBlock	1040345
TrackWallStraightPillar	1027470
DecoWallBase	463527
DecoPlatformIceBase	454147
DecoPlatformDirtBase	430225
DecoWallBaseGrass	416823
A-BlockGBX\\TrenchGroundRemover.Block.Gbx_CustomBlock	406969
DecoWallCurve1Pillar	350512
Stadium\\TM_Items_Sorted_V1\\A-BlockGBX\\TrenchGroundRemover.Block.Gbx_CustomBlock	330858
VoidFull.Block.Gbx_CustomBlock	324893
PlatformTechBase	322665
PlatformPlasticBase	300522
WaterBase	293461
DecoWallBaseIce	266032
SCENERY\\Blocks\\GroundRemover.Block.Gbx_CustomBlock	259623
DecoWallDiag1Pillar	258916
StructureBase	245425
GateExpandableFinish	227804
PlatformPlasticWallStraight4	186139
WaterWallPillar	184020
StructureSupportDeadend	177770
TrackWallBranchCrossPillar	155809
StructureSupportCross	142009
TrenchGroundRemover.Block.Gbx_CustomBlock	139937
PlatformIceBase	135148
TrackWallCurve1Pillar	134112
Blocktest.Block.Gbx_CustomBlock	128000
PlatformPlasticSlope2Base	122006
GroundRemover.Block.Gbx_CustomBlock	105987
DecoHillSlope2Straight	104910
StructureSupportCurve0Out	102606
PlatformWaterRampBase	102578
RallyCastleWallStraightPillar	101164
TrackWallBranchCross	101093
SnowRoadPillarStraight	98594
PlatformPlasticSlopeBase	97777
CanopyCenterFlatBase	92677
PlatformPlasticSlope2Straight	87206
NationsConverter\\NoGround.Block.Gbx_CustomBlock	86668
PlatformPlasticSlope2Start	82573
PlatformPlasticWallStraight	82158
PlatformPlasticSlope2End	82139
PlatformPlasticSlope2End2	77718
TrackWallCurve2Pillar	77577
PlatformPlasticSlope2Start2	77159
TrackWallStraight	76971
Z_Backdrop\\GrassRemover.Block.Gbx_CustomBlock	75122
RoadTechStraight	74784
PlatformDirtBase	73745
GrassRemoverBeta01.Block.Gbx_CustomBlock	71947
TrackWallDeadendRoundPillar	71069
blockgbxIMPORTANT\\TrenchGroundRemover.Block.Gbx_CustomBlock	65558
PlatformGrassBase	64612
DecoWallCurve2InPillar	59497
GroundRemoverBlock.Block.Gbx_CustomBlock	59142
StageSupportStraight	58003
DecoHillSlope2Curve1Out	57390
nothing.Block.Gbx_CustomBlock	57343
Ground-Concrete-Colorized\\GrassRemover.Block.Gbx_CustomBlock	56258
StandStraight	55876
PlatformTechWallStraight	53649
StageSupportStraightPillar	50357
DecoHillIceSlope2Straight	50093
DecoWallCurve1	44514
PlatformPlasticWallOutCurve0	43187
DecoPlatformSlopeBase	43019
DecoWallBaseDirt	41964
StageSupportCornerOut	40807
DecoCliffMidStraight	39593
TrackmaniaItemsSorted-main\\A-BlockGBX\\TrenchGroundRemover.Block.Gbx_CustomBlock	39433
TrackmaniaItemsSorted-main\\TrackmaniaItemsSorted-main\\A-BlockGBX\\TrenchGroundRemover.Block.Gbx_CustomBlock	39404
MY ITEMS\\Blocks\\GroundRemover.Block.Gbx_CustomBlock	38433
StageStraight	38405
StageStructureCornerOut	37916
CanopyEndSlopeBaseStraight	36990
DecoHillDirtSlope2Straight	36950
DecoHillSlope2StraightX2	36898
WaterBaseDirt	35855
PlatformTechDiag1	35812
PlatformPlasticWallOutCurve0x4	35501
PlatformTechWallStraight4	35162
StandStraightOnDecoWall	35154
PlatformPlasticBaseFlip	35066
PlatformTechLoopStart	34832
DecoCliffMidCornerOut	34820
DecoCliffTopStraight18m	34084
StageTechnicsLight	33630
GateExpandableSpecialReset	33103
TechnicsScreen4x1Straight	33014
StructureSupportCurve1In	32423
StageTechnicsLightDown	31759
StructureStraight	31575
WaterWallCrossPillar	31479
DecoHillIceSlope2Curve1Out	30707
RoadTechCurve1	30408
StructureSupportCornerSmall	29946
PlatformWaterBase	29564
StructureDeadend	29489
DecoCliffTopCornerOut18m	29081
PlatformTechSlope2Straight	29030
GateFinish	28699
DecoPlatformSlope2Base	28014
RoadTechCheckpoint	27631
WaterBaseIce	27514
DecoWallCurve2Pillar	27303
DecoWallDiag1	27171
SnowRoadStraight	26877
StageStructureStraight	25976
6-WTMT\\A-BlockGBX\\TrenchGroundRemover.Block.Gbx_CustomBlock	25590
DecoHillSlope2Curve1In	24641
StageTechnicsLightToStructure	24554
RallyCastleWallCurve1TowerPillar	22589
WaterWallCornerPillar	21260
DecoCliffIceMidStraight	21258
DecoPlatformDiag1	21242
Weird\\Removers\\VoidBlock1x1.Block.Gbx_CustomBlock	20400
PlatformTechSlopeBase	19799
SnowRoadPillarCurve1	19310
DecoCliffTopStraight10m	19113
TrackWallCurve3Pillar	18967
StageCornerOut	18892
DecoWallSlope2Straight	18888
DecoHillIceSlope2StraightX2	18843
StructureSupportCorner	18089
DecoCliffDirtTopStraight18m	17931
DecoWallCurve3Pillar	17840
DecoWallArchSlopeBase	17653
DecoWallCurve2In	17461
PlatformTechSlope2Start	17253
DecoWallCurve1Grass	16796
PlatformTechSpecialTurbo	16740
Stadium\\Grassremover\\GrassRemover.Block.Gbx_CustomBlock	16672
DecoPlatformSlopeBaseCurve1OutFull	16656
TechnicsScreen2x1Straight	16512
PMC_Itemset\\GroundRemover.Block.Gbx_CustomBlock	16392
Stadium\\GroundRemover.Block.Gbx_CustomBlock	16384
TM-Items_v10\\A-BlockGBX\\TrenchGroundRemover.Block.Gbx_CustomBlock	16384
DecoWallLoopEnd	16380
StructureSupportCurve1Out	16296
StageSupportCornerOutPillar	16190
PlatformTechWallOutCurve0x4	15954
PlatformTechSpecialTurbo2	15844
TechnicsScreen1x1Straight	15834
DecoCliffTopCornerOut10m	15798
DecoHillSlope2Curve2Out	15666
Groundremove\\GroundRemover.Block.Gbx_CustomBlock	15398
StageSupportCrossPillar	15293
DecoPlatformSlope2Straight	15181
StageDiagOut	15173
DecoWallDiag1Grass	15118
SnowRoadPillarCurve2	15054
StageSupportTShapedPillar	15034
TrackWallChicaneX2LeftPillar	14915
Stadium\\TM-Items_V9\\A-BlockGBX\\TrenchGroundRemover.Block.Gbx_CustomBlock	14800
StageSupportDiagOut	14739
Vide.Block.Gbx_CustomBlock	14381
DecoPlatformCurve1	14369
DecoHillDirtSlope2Curve1Out	14318
RallyCastleWallBranchCrossPillar	14073
PlatformTechBaseFlip	13912
PlatformTechLoopEnd	13298
DecoPlatformIceSlopeBase	13172
TrackWallCurve1	13110
StageCurve1In	12983
DecoPlatformCurve2In	12939
DecoPlatformDirtSlopeBase	12925
DecoPlatformDirtSlope2Base	12806
DecoCliffIceTopStraight18m	12406
DecoWallCurve3InPillar	12349
Stadium\\BP Misc\\GrassRemover.Block.Gbx_CustomBlock	12240
RallyCastleRoadStraight	11905
GateCheckpoint	11713
DecoHillDirtSlope2StraightX2	11694
WaterGrassStraight	11692
DecoHillIceSlope2Curve1In	11651
DecoWallCurve5	11569
GateExpandableSpecialBoost2	11457
TrackWallBranchTShapedPillar	11393
PlatformTechSlope2Base	11291
DecoWallLoopStart	10976
PlatformPlasticLoopStart	10633
DecoPlatformIceSlope2Base	10586
PlatformIceWallStraight	10554
WaterGrassZoneStraight	10552
PlatformPlasticWallOutCurve1	10549
PlatformTechCurve2In	10504
TrackWallDeadendRound	10486
PlatformTechCurve1	10343
DecoPlatformSlope2BaseCurve1OutFull	10339
StageTechnicsLightDeadend	10240
DecoCliffDirtMidStraight	10208
WaterWallStraightPillar	10122
DecoHillSlope2Curve2In	10081
DecoWallSlope2StraightGrass	9918
DecoCliffDirtTopCornerOut18m	9907
StageTechnicsLightStraight	9795
StageCross	9794
StageStructureCurve1In	9778
StructureCorner	9693
PlatformIceSlope2Straight	9557
PlatformTechCheckpoint	9522
WaterWall	9476
StructureCross	9414
DecoWallCurve2OutPillar	9411
PlatformDirtWallStraight	9377
DecoCliffIceMidCornerOut	9348
StageSupportCurve1In	9347
Tm-Items_v11_main\\A-BlockGBX\\TrenchGroundRemover.Block.Gbx_CustomBlock	9296
WaterGrassRampRoadStraight	9147
CanopyCenterFlatCurveIn	9109
GateExpandableGameplayStadium	8895
DecoHillDirtSlope2Curve1In	8729
0Skifrik\\A-BlockGBX\\TrenchGroundRemover.Block.Gbx_CustomBlock	8704
GateExpandableSpecialFragile	8684
DecoCliffIceTopCornerOut18m	8678
DecoPlatformToDecoWall	8567
PlatformWaterDiag	8557
DecoCliffDirtMidCornerOut	8539
StageStructureCross	8476
PlatformPlasticLoopStartCurve0OutFull	8450
DecoWallCurve4	8367
RoadTechSlopeStraight	8278
PlatformPlasticWallCurve1	8258
PlatformPlasticDiag1	8112
DecoHillIceSlope2Curve2Out	8084
TrackWallCurve4Pillar	8019
RallyCastleWallCurve1Pillar	7872
StructureSupportCurve2In	7859
DecoCliffDirtTopStraight10m	7855
PlatformPlasticLoopEnd	7810
CanopyCenterFlatCurveOut	7802
CanopyEndFlatStraight	7787
DecoCliff10CornerOut	7754
DecoWallSlopeBase	7706
SnowRoadCurve1	7663
DecoPlatformSlope2Start	7626
RoadDirtStraight	7625
StageSupportCurve1InPillar	7610
RoadTechCurve2	7575
RoadBumpStraight	7536
PlatformTechSlope2End	7536
RoadIceStraight	7517
TrackWallChicaneX2RightPillar	7511
PlatformGrassSlope2Straight	7503
PlatformIceWallOutCurve0	7438
TM_Items_Sorted_V1\\A-BlockGBX\\TrenchGroundRemover.Block.Gbx_CustomBlock	7423
DecoPlatformIceDiag1	7416
PlatformTechFinish	7330
GateExpandableSpecialNoEngine	7314
OpenTechZoneStraight	7267
PlatformGrassWallStraight	7216
DecoWallCurve2InGrass	7166
PlatformTechBaseWithHole24m	7152
PlatformTechWallOutCurve0	7148
StandCornerOut	7099
PlatformDirtSlopeBase	6958
RoadTechSpecialTurbo2	6915
RoadTechStart	6911
DecoPlatformBaseWithHole24m	6878
RoadTechSpecialTurbo	6861
RoadTechTiltStraight	6754
DecoCliff8NoHillCornerOut	6716
DecoPlatformSlopeBaseCurve1Out	6714
TrackWallArch1x4SideTop	6686
zzskifreak\\TrackmaniaItemsSorted-main\\A-BlockGBX\\TrenchGroundRemover.Block.Gbx_CustomBlock	6679
PlatformTechToRoadTech	6555
PlatformPlasticBaseWithHole24m	6541
DecoCliff10Straight	6524
GateSpecialSlowMotion	6520
PlatformIceSlopeBase	6509
GateExpandableSpecialCruise	6482
DecoPlatformDirtSlope2BaseCurve1OutFull	6465
StageStructureDiagOut	6443
StructureSupportStraight	6418
DecoPlatformSlope2End	6408
GateExpandableSpecialNoBrake	6323
DecoPlatformSlopeBaseCurve1InFull	6321
DecoCliff10StraightSmall	6318
RoadTechBranchTShaped	6256
WaterWallTShapedPillar	6234
DecoPlatformIceSlope2Straight	6181
PlatformTechToDecoWall	6153
TrackWallDiagRightStartStraightX2Pillar	6148
PlatformDirtSlope2Straight	6125
PlatformPlasticCurve1	6030
PlatformGrassSlopeBase	6025
TechnicsScreen2x1StraightSmall	6018
TrackWallCurve2	5984
PlatformGrassWallOutCurve0	5928
DecoWallLoopEndGrass	5875
OpenTechRoadStraight	5874
DecoCliffIceTopStraight10m	5845
DecoWallCurve2	5795
StageSupportCornerInPillar	5793
